Workbook
Name Slicer_CampaignChannel: #N/A
Name Slicer_CampaignType: #N/A
Name Slicer_Gender: #N/A
Name Slicer_Income_Group: #N/A

Sheet Customer analytics
A1: CustomerID | B1: Age | C1: Gender | D1: Income | E1: Income Group | F1: WebsiteVisits | G1: PagesPerVisit | H1: TimeOnSite | I1: Time on Site Group | J1: SocialShares | K1: EmailOpens | L1: EmailClicks | M1: PreviousPurchases | N1: LoyaltyPoints | O1: Conversion
A2: 8004 | B2: 60 | C2: Female | D2: 83964 | E2: =IF(Customer_analytics[[#This Row],[Income]]<50000, "Low", IF(Customer_analytics[[#This Row],[Income]]<100000, "Mid", "High")) -> Mid | F2: 0 | G2: 2.05 | H2: 13.99 | I2: =IF(Customer_analytics[[#This Row],[TimeOnSite]]<3, "Short Visit", IF(Customer_analytics[[#This Row],[TimeOnSite]]<7, "Medium Visit", "Long Visit")) -> Long Visit | J2: 6 | K2: 6 | L2: 6 | M2: 8 | N2: 4345 | O2: 1
A3: 8006 | B3: 38 | C3: Female | D3: 25615 | E3: =IF(Customer_analytics[[#This Row],[Income]]<50000, "Low", IF(Customer_analytics[[#This Row],[Income]]<100000, "Mid", "High")) -> Low | F3: 42 | G3: 1.75 | H3: 10.7 | I3: =IF(Customer_analytics[[#This Row],[TimeOnSite]]<3, "Short Visit", IF(Customer_analytics[[#This Row],[TimeOnSite]]<7, "Medium Visit", "Long Visit")) -> Long Visit | J3: 54 | K3: 14 | L3: 3 | M3: 6 | N3: 930 | O3: 1
A4: 8012 | B4: 41 | C4: Male | D4: 131093 | E4: =IF(Customer_analytics[[#This Row],[Income]]<50000, "Low", IF(Customer_analytics[[#This Row],[Income]]<100000, "Mid", "High")) -> High | F4: 13 | G4: 8.89 | H4: 8.48 | I4: =IF(Customer_analytics[[#This Row],[TimeOnSite]]<3, "Short Visit", IF(Customer_analytics[[#This Row],[TimeOnSite]]<7, "Medium Visit", "Long Visit")) -> Long Visit | J4: 28 | K4: 16 | L4: 5 | M4: 4 | N4: 2946 | O4: 1
A5: 8013 | B5: 53 | C5: Male | D5: 64608 | E5: =IF(Customer_analytics[[#This Row],[Income]]<50000, "Low", IF(Customer_analytics[[#This Row],[Income]]<100000, "Mid", "High")) -> Mid | F5: 8 | G5: 8.5 | H5: 14.25 | I5: =IF(Customer_analytics[[#This Row],[TimeOnSite]]<3, "Short Visit", IF(Customer_analytics[[#This Row],[TimeOnSite]]<7, "Medium Visit", "Long Visit")) -> Long Visit | J5: 81 | K5: 8 | L5: 1 | M5: 2 | N5: 2818 | O5: 1
A6: 8014 | B6: 57 | C6: Male | D6: 148788 | E6: =IF(Customer_analytics[[#This Row],[Income]]<50000, "Low", IF(Customer_analytics[[#This Row],[Income]]<100000, "Mid", "High")) -> High | F6: 20 | G6: 7.36 | H6: 2.47 | I6: =IF(Customer_analytics[[#This Row],[TimeOnSite]]<3, "Short Visit", IF(Customer_analytics[[#This Row],[TimeOnSite]]<7, "Medium Visit", "Long Visit")) -> Short Visit | J6: 70 | K6: 16 | L6: 8 | M6: 1 | N6: 3247 | O6: 1
A7: 8015 | B7: 41 | C7: Female | D7: 39192 | E7: =IF(Customer_analytics[[#This Row],[Income]]<50000, "Low", IF(Customer_analytics[[#This Row],[Income]]<100000, "Mid", "High")) -> Low | F7: 44 | G7: 6.95 | H7: 2.25 | I7: =IF(Customer_analytics[[#This Row],[TimeOnSite]]<3, "Short Visit", IF(Customer_analytics[[#This Row],[TimeOnSite]]<7, "Medium Visit", "Long Visit")) -> Short Visit | J7: 33 | K7: 0 | L7: 1 | M7: 1 | N7: 4474 | O7: 0
A8: 8018 | B8: 19 | C8: Female | D8: 117392 | E8: =IF(Customer_analytics[[#This Row],[Income]]<50000, "Low", IF(Customer_analytics[[#This Row],[Income]]<100000, "Mid", "High")) -> High | F8: 7 | G8: 3.12 | H8: 8.44 | I8: =IF(Customer_analytics[[#This Row],[TimeOnSite]]<3, "Short Visit", IF(Customer_analytics[[#This Row],[TimeOnSite]]<7, "Medium Visit", "Long Visit")) -> Long Visit | J8: 92 | K8: 8 | L8: 4 | M8: 6 | N8: 2222 | O8: 1
A9: 8019 | B9: 41 | C9: Female | D9: 69949 | E9: =IF(Customer_analytics[[#This Row],[Income]]<50000, "Low", IF(Customer_analytics[[#This Row],[Income]]<100000, "Mid", "High")) -> Mid | F9: 35 | G9: 9.82 | H9: 1.9 | I9: =IF(Customer_analytics[[#This Row],[TimeOnSite]]<3, "Short Visit", IF(Customer_analytics[[#This Row],[TimeOnSite]]<7, "Medium Visit", "Long Visit")) -> Short Visit | J9: 36 | K9: 7 | L9: 7 | M9: 3 | N9: 3644 | O9: 1
A10: 8027 | B10: 39 | C10: Male | D10: 98311 | E10: =IF(Customer_analytics[[#This Row],[Income]]<50000, "Low", IF(Customer_analytics[[#This Row],[Income]]<100000, "Mid", "High")) -> Mid | F10: 39 | G10: 2.52 | H10: 9.33 | I10: =IF(Customer_analytics[[#This Row],[TimeOnSite]]<3, "Short Visit", IF(Customer_analytics[[#This Row],[TimeOnSite]]<7, "Medium Visit", "Long Visit")) -> Long Visit | J10: 98 | K10: 17 | L10: 6 | M10: 1 | N10: 2688 | O10: 1
A11: 8028 | B11: 61 | C11: Female | D11: 27549 | E11: =IF(Customer_analytics[[#This Row],[Income]]<50000, "Low", IF(Customer_analytics[[#This Row],[Income]]<100000, "Mid", "High")) -> Low | F11: 25 | G11: 3.95 | H11: 10.67 | I11: =IF(Customer_analytics[[#This Row],[TimeOnSite]]<3, "Short Visit", IF(Customer_analytics[[#This Row],[TimeOnSite]]<7, "Medium Visit", "Long Visit")) -> Long Visit | J11: 92 | K11: 17 | L11: 1 | M11: 3 | N11: 68 | O11: 1
A12: 8032 | B12: 59 | C12: Female | D12: 43958 | E12: =IF(Customer_analytics[[#This Row],[Income]]<50000, "Low", IF(Customer_analytics[[#This Row],[Income]]<100000, "Mid", "High")) -> Low | F12: 24 | G12: 3.17 | H12: 3.14 | I12: =IF(Customer_analytics[[#This Row],[TimeOnSite]]<3, "Short Visit", IF(Customer_analytics[[#This Row],[TimeOnSite]]<7, "Medium Visit", "Long Visit")) -> Medium Visit | J12: 24 | K12: 10 | L12: 5 | M12: 6 | N12: 4683 | O12: 1
A13: 8039 | B13: 69 | C13: Male | D13: 141835 | E13: =IF(Customer_analytics[[#This Row],[Income]]<50000, "Low", IF(Customer_analytics[[#This Row],[Income]]<100000, "Mid", "High")) -> High | F13: 20 | G13: 1.7 | H13: 1.17 | I13: =IF(Customer_analytics[[#This Row],[TimeOnSite]]<3, "Short Visit", IF(Customer_analytics[[#This Row],[TimeOnSite]]<7, "Medium Visit", "Long Visit")) -> Short Visit | J13: 1 | K13: 13 | L13: 0 | M13: 0 | N13: 2885 | O13: 1
... A319: 11432 | B319: 28 | C319: Female | D319: 23582 | E319: =IF(Customer_analytics[[#This Row],[Income]]<50000, "Low", IF(Customer_analytics[[#This Row],[Income]]<100000, "Mid", "High")) -> Low | F319: 39 | G319: 4.22 | H319: 3.47 | I319: =IF(Customer_analytics[[#This Row],[TimeOnSite]]<3, "Short Visit", IF(Customer_analytics[[#This Row],[TimeOnSite]]<7, "Medium Visit", "Long Visit")) -> Medium Visit | J319: 0 | K319: 7 | L319: 9 | M319: 6 | N319: 1953 | O319: 1

Sheet Marketing dataset
A1: CustomerID | B1: CampaignChannel | C1: CampaignType | D1: AdSpend | E1: ClickThroughRate | F1: ConversionRate | G1: WebsiteVisits | H1: SocialShares | I1: EmailOpens | J1: EmailClicks | K1: AdvertisingPlatform | L1: AdvertisingTool | M1: Conversion
A2: 8004 | B2: PPC | C2: Conversion | D2: 1678.04 | E2: 0.25 | F2: 0.11 | G2: 0 | H2: 6 | I2: 6 | J2: 6 | K2: IsConfid | L2: ToolConfid | M2: 1
A3: 8006 | B3: Referral | C3: Awareness | D3: 7302.9 | E3: 0.04 | F3: 0.06 | G3: 42 | H3: 54 | I3: 14 | J3: 3 | K3: IsConfid | L3: ToolConfid | M3: 1
A4: 8012 | B4: Email | C4: Conversion | D4: 5930.92 | E4: 0.22 | F4: 0.02 | G4: 13 | H4: 28 | I4: 16 | J4: 5 | K4: IsConfid | L4: ToolConfid | M4: 1
A5: 8013 | B5: SEO | C5: Awareness | D5: 1520.42 | E5: 0.19 | F5: 0.16 | G5: 8 | H5: 81 | I5: 8 | J5: 1 | K5: IsConfid | L5: ToolConfid | M5: 1
A6: 8014 | B6: Email | C6: Awareness | D6: 4104.38 | E6: 0.12 | F6: 0.11 | G6: 20 | H6: 70 | I6: 16 | J6: 8 | K6: IsConfid | L6: ToolConfid | M6: 1
A7: 8015 | B7: Email | C7: Awareness | D7: 429.08 | E7: 0.07 | F7: 0.1 | G7: 44 | H7: 33 | I7: 0 | J7: 1 | K7: IsConfid | L7: ToolConfid | M7: 0
A8: 8018 | B8: PPC | C8: Conversion | D8: 3939.01 | E8: 0.15 | F8: 0.03 | G8: 7 | H8: 92 | I8: 8 | J8: 4 | K8: IsConfid | L8: ToolConfid | M8: 1
A9: 8019 | B9: PPC | C9: Consideration | D9: 8446.05 | E9: 0.3 | F9: 0.05 | G9: 35 | H9: 36 | I9: 7 | J9: 7 | K9: IsConfid | L9: ToolConfid | M9: 1
A10: 8027 | B10: Social Media | C10: Retention | D10: 6920.24 | E10: 0.01 | F10: 0.11 | G10: 39 | H10: 98 | I10: 17 | J10: 6 | K10: IsConfid | L10: ToolConfid | M10: 1
A11: 8028 | B11: Referral | C11: Retention | D11: 6250.27 | E11: 0.15 | F11: 0.08 | G11: 25 | H11: 92 | I11: 17 | J11: 1 | K11: IsConfid | L11: ToolConfid | M11: 1
A12: 8032 | B12: Referral | C12: Awareness | D12: 8740.45 | E12: 0.28 | F12: 0.02 | G12: 24 | H12: 24 | I12: 10 | J12: 5 | K12: IsConfid | L12: ToolConfid | M12: 1
A13: 8039 | B13: Referral | C13: Conversion | D13: 3360.96 | E13: 0.13 | F13: 0.16 | G13: 20 | H13: 1 | I13: 13 | J13: 0 | K13: IsConfid | L13: ToolConfid | M13: 1
... A319: 11432 | B319: SEO | C319: Retention | D319: 8207.87 | E319: 0.1 | F319: 0.15 | G319: 39 | H319: 0 | I319: 7 | J319: 9 | K319: IsConfid | L319: ToolConfid | M319: 1

Sheet digital_marketing_campaign_data
A1: CustomerID | B1: Age | C1: Gender | D1: Income | E1: CampaignChannel | F1: CampaignType | G1: AdSpend | H1: ClickThroughRate | I1: ConversionRate | J1: WebsiteVisits | K1: PagesPerVisit | L1: TimeOnSite | M1: SocialShares | N1: EmailOpens | O1: EmailClicks | P1: PreviousPurchases | Q1: LoyaltyPoints | R1: AdvertisingPlatform | S1: AdvertisingTool | T1: Conversion | U1: CPA
A2: 8004 | B2: 60 | C2: Female | D2: 83964 | E2: PPC | F2: Conversion | G2: 1678.04 | H2: 0.25 | I2: 0.11 | J2: 0 | K2: 2.05 | L2: 13.99 | M2: 6 | N2: 6 | O2: 6 | P2: 8 | Q2: 4345 | R2: IsConfid | S2: ToolConfid | T2: 1 | U2: 1678.04
A3: 8006 | B3: 38 | C3: Female | D3: 25615 | E3: Referral | F3: Awareness | G3: 7302.9 | H3: 0.04 | I3: 0.06 | J3: 42 | K3: 1.75 | L3: 10.7 | M3: 54 | N3: 14 | O3: 3 | P3: 6 | Q3: 930 | R3: IsConfid | S3: ToolConfid | T3: 1 | U3: 7302.9
A4: 8012 | B4: 41 | C4: Male | D4: 131093 | E4: Email | F4: Conversion | G4: 5930.92 | H4: 0.22 | I4: 0.02 | J4: 13 | K4: 8.89 | L4: 8.48 | M4: 28 | N4: 16 | O4: 5 | P4: 4 | Q4: 2946 | R4: IsConfid | S4: ToolConfid | T4: 1 | U4: 5930.92
A5: 8013 | B5: 53 | C5: Male | D5: 64608 | E5: SEO | F5: Awareness | G5: 1520.42 | H5: 0.19 | I5: 0.16 | J5: 8 | K5: 8.5 | L5: 14.25 | M5: 81 | N5: 8 | O5: 1 | P5: 2 | Q5: 2818 | R5: IsConfid | S5: ToolConfid | T5: 1 | U5: 1520.42
A6: 8014 | B6: 57 | C6: Male | D6: 148788 | E6: Email | F6: Awareness | G6: 4104.38 | H6: 0.12 | I6: 0.11 | J6: 20 | K6: 7.36 | L6: 2.47 | M6: 70 | N6: 16 | O6: 8 | P6: 1 | Q6: 3247 | R6: IsConfid | S6: ToolConfid | T6: 1 | U6: 4104.38
A7: 8015 | B7: 41 | C7: Female | D7: 39192 | E7: Email | F7: Awareness | G7: 429.08 | H7: 0.07 | I7: 0.1 | J7: 44 | K7: 6.95 | L7: 2.25 | M7: 33 | N7: 0 | O7: 1 | P7: 1 | Q7: 4474 | R7: IsConfid | S7: ToolConfid | T7: 0
A8: 8018 | B8: 19 | C8: Female | D8: 117392 | E8: PPC | F8: Conversion | G8: 3939.01 | H8: 0.15 | I8: 0.03 | J8: 7 | K8: 3.12 | L8: 8.44 | M8: 92 | N8: 8 | O8: 4 | P8: 6 | Q8: 2222 | R8: IsConfid | S8: ToolConfid | T8: 1 | U8: 3939.01
A9: 8019 | B9: 41 | C9: Female | D9: 69949 | E9: PPC | F9: Consideration | G9: 8446.05 | H9: 0.3 | I9: 0.05 | J9: 35 | K9: 9.82 | L9: 1.9 | M9: 36 | N9: 7 | O9: 7 | P9: 3 | Q9: 3644 | R9: IsConfid | S9: ToolConfid | T9: 1 | U9: 8446.05
A10: 8027 | B10: 39 | C10: Male | D10: 98311 | E10: Social Media | F10: Retention | G10: 6920.24 | H10: 0.01 | I10: 0.11 | J10: 39 | K10: 2.52 | L10: 9.33 | M10: 98 | N10: 17 | O10: 6 | P10: 1 | Q10: 2688 | R10: IsConfid | S10: ToolConfid | T10: 1 | U10: 6920.24
A11: 8028 | B11: 61 | C11: Female | D11: 27549 | E11: Referral | F11: Retention | G11: 6250.27 | H11: 0.15 | I11: 0.08 | J11: 25 | K11: 3.95 | L11: 10.67 | M11: 92 | N11: 17 | O11: 1 | P11: 3 | Q11: 68 | R11: IsConfid | S11: ToolConfid | T11: 1 | U11: 6250.27
A12: 8032 | B12: 59 | C12: Female | D12: 43958 | E12: Referral | F12: Awareness | G12: 8740.45 | H12: 0.28 | I12: 0.02 | J12: 24 | K12: 3.17 | L12: 3.14 | M12: 24 | N12: 10 | O12: 5 | P12: 6 | Q12: 4683 | R12: IsConfid | S12: ToolConfid | T12: 1 | U12: 8740.45
A13: 8039 | B13: 69 | C13: Male | D13: 141835 | E13: Referral | F13: Conversion | G13: 3360.96 | H13: 0.13 | I13: 0.16 | J13: 20 | K13: 1.7 | L13: 1.17 | M13: 1 | N13: 13 | O13: 0 | P13: 0 | Q13: 2885 | R13: IsConfid | S13: ToolConfid | T13: 1 | U13: 3360.96
A14: 8040 | B14: 20 | C14: Female | D14: 57538 | E14: Email | F14: Conversion | G14: 4101.22 | H14: 0.28 | I14: 0.1 | J14: 24 | K14: 1.07 | L14: 11.25 | M14: 13 | N14: 4 | O14: 7 | P14: 3 | Q14: 1476 | R14: IsConfid | S14: ToolConfid | T14: 1 | U14: 4101.22
A15: 8041 | B15: 54 | C15: Female | D15: 25833 | E15: Social Media | F15: Conversion | G15: 9087.27 | H15: 0.02 | I15: 0.1 | J15: 39 | K15: 8.78 | L15: 2.34 | M15: 49 | N15: 14 | O15: 3 | P15: 1 | Q15: 3243 | R15: IsConfid | S15: ToolConfid | T15: 1 | U15: 9087.27
A16: 8043 | B16: 24 | C16: Male | D16: 43386 | E16: SEO | F16: Retention | G16: 5705.13 | H16: 0.05 | I16: 0.19 | J16: 21 | K16: 2.29 | L16: 8.55 | M16: 33 | N16: 5 | O16: 9 | P16: 0 | Q16: 913 | R16: IsConfid | S16: ToolConfid | T16: 0
A17: 8045 | B17: 26 | C17: Male | D17: 120349 | E17: Social Media | F17: Awareness | G17: 5036.73 | H17: 0.15 | I17: 0.09 | J17: 7 | K17: 8.66 | L17: 7.88 | M17: 91 | N17: 15 | O17: 3 | P17: 0 | Q17: 284 | R17: IsConfid | S17: ToolConfid | T17: 1 | U17: 5036.73
A18: 8046 | B18: 56 | C18: Female | D18: 119341 | E18: Email | F18: Retention | G18: 9190.27 | H18: 0.12 | I18: 0.16 | J18: 23 | K18: 1.75 | L18: 0.69 | M18: 38 | N18: 18 | O18: 7 | P18: 1 | Q18: 4275 | R18: IsConfid | S18: ToolConfid | T18: 1 | U18: 9190.27
A19: 8049 | B19: 42 | C19: Female | D19: 127955 | E19: SEO | F19: Retention | G19: 408.69 | H19: 0.2 | I19: 0.11 | J19: 46 | K19: 6.92 | L19: 13.97 | M19: 96 | N19: 17 | O19: 4 | P19: 9 | Q19: 3404 | R19: IsConfid | S19: ToolConfid | T19: 1 | U19: 408.69
A20: 8055 | B20: 37 | C20: Male | D20: 37667 | E20: Email | F20: Consideration | G20: 7856.01 | H20: 0.09 | I20: 0.07 | J20: 22 | K20: 4.61 | L20: 1.98 | M20: 87 | N20: 3 | O20: 8 | P20: 2 | Q20: 1977 | R20: IsConfid | S20: ToolConfid | T20: 1 | U20: 7856.01
A21: 8057 | B21: 64 | C21: Female | D21: 26732 | E21: PPC | F21: Awareness | G21: 7830.39 | H21: 0.04 | I21: 0.12 | J21: 37 | K21: 3.28 | L21: 10.5 | M21: 68 | N21: 5 | O21: 3 | P21: 0 | Q21: 336 | R21: IsConfid | S21: ToolConfid | T21: 1 | U21: 7830.39
A22: 8071 | B22: 59 | C22: Female | D22: 59865 | E22: PPC | F22: Conversion | G22: 3042.86 | H22: 0.3 | I22: 0.14 | J22: 43 | K22: 2.33 | L22: 4.58 | M22: 46 | N22: 4 | O22: 5 | P22: 7 | Q22: 558 | R22: IsConfid | S22: ToolConfid | T22: 1 | U22: 3042.86
A23: 8072 | B23: 21 | C23: Male | D23: 28469 | E23: Email | F23: Consideration | G23: 6536.09 | H23: 0.13 | I23: 0.17 | J23: 44 | K23: 5.41 | L23: 5.74 | M23: 8 | N23: 5 | O23: 5 | P23: 4 | Q23: 2761 | R23: IsConfid | S23: ToolConfid | T23: 1 | U23: 6536.09
A24: 8074 | B24: 35 | C24: Female | D24: 144866 | E24: PPC | F24: Awareness | G24: 6808.22 | H24: 0.06 | I24: 0.09 | J24: 49 | K24: 3.81 | L24: 5.69 | M24: 0 | N24: 8 | O24: 1 | P24: 8 | Q24: 3483 | R24: IsConfid | S24: ToolConfid | T24: 1 | U24: 6808.22
A25: 8084 | B25: 25 | C25: Male | D25: 129122 | E25: Social Media | F25: Consideration | G25: 6979.08 | H25: 0.07 | I25: 0.1 | J25: 16 | K25: 6.24 | L25: 10.67 | M25: 59 | N25: 10 | O25: 6 | P25: 5 | Q25: 928 | R25: IsConfid | S25: ToolConfid | T25: 1 | U25: 6979.08
A26: 8085 | B26: 31 | C26: Female | D26: 52259 | E26: SEO | F26: Awareness | G26: 6053.54 | H26: 0.22 | I26: 0.06 | J26: 25 | K26: 6.49 | L26: 13.54 | M26: 87 | N26: 5 | O26: 1 | P26: 1 | Q26: 1884 | R26: IsConfid | S26: ToolConfid | T26: 1 | U26: 6053.54
A27: 8087 | B27: 57 | C27: Female | D27: 106284 | E27: Email | F27: Awareness | G27: 9033.88 | H27: 0.16 | I27: 0.02 | J27: 43 | K27: 6.34 | L27: 1 | M27: 38 | N27: 6 | O27: 9 | P27: 9 | Q27: 932 | R27: IsConfid | S27: ToolConfid | T27: 1 | U27: 9033.88
A28: 8088 | B28: 38 | C28: Female | D28: 105227 | E28: Email | F28: Awareness | G28: 3027.52 | H28: 0.09 | I28: 0.19 | J28: 6 | K28: 7.77 | L28: 6.03 | M28: 2 | N28: 15 | O28: 6 | P28: 3 | Q28: 3472 | R28: IsConfid | S28: ToolConfid | T28: 1 | U28: 3027.52
... A46: 8131 | B46: 54 | C46: Female | D46: 126384 | E46: Social Media | F46: Conversion | G46: 5210.55 | H46: 0.27 | I46: 0.08 | J46: 35 | K46: 9.39 | L46: 12.59 | M46: 53 | N46: 4 | O46: 6 | P46: 0 | Q46: 3755 | R46: IsConfid | S46: ToolConfid | T46: 1 | U46: 5210.55
A47: 8142 | B47: 31 | C47: Female | D47: 78186 | E47: PPC | F47: Retention | G47: 1508.76 | H47: 0.03 | I47: 0.03 | J47: 38 | K47: 5.53 | L47: 7.24 | M47: 12 | N47: 19 | O47: 0 | P47: 1 | Q47: 1913 | R47: IsConfid | S47: ToolConfid | T47: 0
A48: 8147 | B48: 31 | C48: Male | D48: 126887 | E48: SEO | F48: Conversion | G48: 5141.04 | H48: 0.25 | I48: 0.02 | J48: 36 | K48: 5.64 | L48: 13.77 | M48: 58 | N48: 7 | O48: 7 | P48: 9 | Q48: 3096 | R48: IsConfid | S48: ToolConfid | T48: 1 | U48: 5141.04
A49: 8149 | B49: 44 | C49: Male | D49: 45476 | E49: Social Media | F49: Consideration | G49: 5423.01 | H49: 0.04 | I49: 0.18 | J49: 35 | K49: 3.29 | L49: 3.37 | M49: 71 | N49: 14 | O49: 6 | P49: 7 | Q49: 252 | R49: IsConfid | S49: ToolConfid | T49: 1 | U49: 5423.01
A50: 8156 | B50: 68 | C50: Male | D50: 51653 | E50: Social Media | F50: Awareness | G50: 4506.25 | H50: 0.25 | I50: 0.11 | J50: 7 | K50: 2.54 | L50: 12.72 | M50: 57 | N50: 18 | O50: 4 | P50: 4 | Q50: 2699 | R50: IsConfid | S50: ToolConfid | T50: 1 | U50: 4506.25
A51: 8159 | B51: 66 | C51: Male | D51: 39629 | E51: Referral | F51: Awareness | G51: 1050.92 | H51: 0.15 | I51: 0.09 | J51: 15 | K51: 6.28 | L51: 6.79 | M51: 92 | N51: 11 | O51: 1 | P51: 5 | Q51: 2503 | R51: IsConfid | S51: ToolConfid | T51: 1 | U51: 1050.92
A52: 8165 | B52: 40 | C52: Female | D52: 39322 | E52: SEO | F52: Awareness | G52: 1430.62 | H52: 0.17 | I52: 0.06 | J52: 33 | K52: 6.2 | L52: 10.86 | M52: 19 | N52: 8 | O52: 5 | P52: 0 | Q52: 1775 | R52: IsConfid | S52: ToolConfid | T52: 1 | U52: 1430.62
A53: 8167 | B53: 62 | C53: Female | D53: 135637 | E53: SEO | F53: Awareness | G53: 5970.85 | H53: 0.23 | I53: 0.16 | J53: 39 | K53: 2.82 | L53: 9.62 | M53: 25 | N53: 11 | O53: 8 | P53: 7 | Q53: 927 | R53: IsConfid | S53: ToolConfid | T53: 1 | U53: 5970.85
A54: 8171 | B54: 53 | C54: Male | D54: 122379 | E54: Referral | F54: Conversion | G54: 2205.5 | H54: 0.27 | I54: 0.16 | J54: 26 | K54: 7.76 | L54: 1.27 | M54: 81 | N54: 4 | O54: 6 | P54: 0 | Q54: 3396 | R54: IsConfid | S54: ToolConfid | T54: 1 | U54: 2205.5
A55: 8172 | B55: 30 | C55: Male | D55: 32651 | E55: Email | F55: Consideration | G55: 6079.48 | H55: 0.12 | I55: 0.12 | J55: 18 | K55: 7.74 | L55: 8.4 | M55: 58 | N55: 11 | O55: 2 | P55: 0 | Q55: 3426 | R55: IsConfid | S55: ToolConfid | T55: 1 | U55: 6079.48
A56: 8173 | B56: 49 | C56: Female | D56: 45966 | E56: Referral | F56: Awareness | G56: 9550.16 | H56: 0.24 | I56: 0.05 | J56: 25 | K56: 4.74 | L56: 5.72 | M56: 2 | N56: 11 | O56: 0 | P56: 2 | Q56: 3060 | R56: IsConfid | S56: ToolConfid | T56: 1 | U56: 9550.16
A57: 8181 | B57: 23 | C57: Female | D57: 59727 | E57: SEO | F57: Awareness | G57: 7210.62 | H57: 0.09 | I57: 0.07 | J57: 26 | K57: 7.27 | L57: 1.08 | M57: 29 | N57: 14 | O57: 1 | P57: 9 | Q57: 126 | R57: IsConfid | S57: ToolConfid | T57: 1 | U57: 7210.62
A58: 8190 | B58: 42 | C58: Female | D58: 23476 | E58: SEO | F58: Retention | G58: 7128.01 | H58: 0.1 | I58: 0.09 | J58: 3 | K58: 9.75 | L58: 12.7 | M58: 56 | N58: 7 | O58: 7 | P58: 2 | Q58: 1278 | R58: IsConfid | S58: ToolConfid | T58: 1 | U58: 7128.01
A59: 8194 | B59: 44 | C59: Male | D59: 111269 | E59: SEO | F59: Consideration | G59: 294.08 | H59: 0.18 | I59: 0.15 | J59: 20 | K59: 1.37 | L59: 10.18 | M59: 16 | N59: 10 | O59: 3 | P59: 2 | Q59: 1529 | R59: IsConfid | S59: ToolConfid | T59: 1 | U59: 294.08
A60: 8195 | B60: 69 | C60: Female | D60: 97994 | E60: Referral | F60: Consideration | G60: 7190 | H60: 0.08 | I60: 0.03 | J60: 42 | K60: 8.47 | L60: 14.23 | M60: 52 | N60: 7 | O60: 5 | P60: 1 | Q60: 50 | R60: IsConfid | S60: ToolConfid | T60: 1 | U60: 7190
A61: 8196 | B61: 30 | C61: Female | D61: 82878 | E61: SEO | F61: Retention | G61: 1110.4 | H61: 0.24 | I61: 0.17 | J61: 38 | K61: 7.65 | L61: 5.11 | M61: 39 | N61: 5 | O61: 0 | P61: 0 | Q61: 844 | R61: IsConfid | S61: ToolConfid | T61: 0
A62: 8201 | B62: 25 | C62: Female | D62: 88560 | E62: PPC | F62: Consideration | G62: 460.07 | H62: 0.08 | I62: 0.06 | J62: 43 | K62: 8.2 | L62: 14.3 | M62: 71 | N62: 7 | O62: 1 | P62: 2 | Q62: 1764 | R62: IsConfid | S62: ToolConfid | T62: 1 | U62: 460.07
A63: 8203 | B63: 26 | C63: Male | D63: 82968 | E63: SEO | F63: Conversion | G63: 6202.76 | H63: 0.24 | I63: 0.08 | J63: 32 | K63: 5.66 | L63: 3.7 | M63: 29 | N63: 9 | O63: 2 | P63: 3 | Q63: 1014 | R63: IsConfid | S63: ToolConfid | T63: 1 | U63: 6202.76
A64: 8208 | B64: 61 | C64: Female | D64: 26577 | E64: SEO | F64: Awareness | G64: 6260.92 | H64: 0.28 | I64: 0.01 | J64: 13 | K64: 7.98 | L64: 4.36 | M64: 56 | N64: 3 | O64: 5 | P64: 8 | Q64: 446 | R64: IsConfid | S64: ToolConfid | T64: 1 | U64: 6260.92
A65: 8209 | B65: 41 | C65: Female | D65: 103171 | E65: SEO | F65: Conversion | G65: 4259.02 | H65: 0.2 | I65: 0.19 | J65: 43 | K65: 8.25 | L65: 6.49 | M65: 69 | N65: 15 | O65: 0 | P65: 1 | Q65: 3419 | R65: IsConfid | S65: ToolConfid | T65: 1 | U65: 4259.02
A66: 8211 | B66: 49 | C66: Female | D66: 23870 | E66: SEO | F66: Awareness | G66: 5282.04 | H66: 0.24 | I66: 0.19 | J66: 29 | K66: 5.26 | L66: 14.38 | M66: 76 | N66: 8 | O66: 4 | P66: 6 | Q66: 3153 | R66: IsConfid | S66: ToolConfid | T66: 1 | U66: 5282.04
A67: 8213 | B67: 41 | C67: Female | D67: 75329 | E67: Email | F67: Conversion | G67: 2308.23 | H67: 0.03 | I67: 0.05 | J67: 19 | K67: 5.48 | L67: 12.69 | M67: 24 | N67: 11 | O67: 7 | P67: 0 | Q67: 1720 | R67: IsConfid | S67: ToolConfid | T67: 1 | U67: 2308.23
A68: 8215 | B68: 69 | C68: Female | D68: 135049 | E68: Referral | F68: Awareness | G68: 7007.48 | H68: 0.05 | I68: 0.13 | J68: 42 | K68: 9.29 | L68: 12.92 | M68: 72 | N68: 3 | O68: 7 | P68: 9 | Q68: 2689 | R68: IsConfid | S68: ToolConfid | T68: 1 | U68: 7007.48
A69: 8221 | B69: 19 | C69: Male | D69: 33003 | E69: SEO | F69: Consideration | G69: 8860.42 | H69: 0.19 | I69: 0.19 | J69: 1 | K69: 9.91 | L69: 12.03 | M69: 89 | N69: 7 | O69: 2 | P69: 4 | Q69: 3873 | R69: IsConfid | S69: ToolConfid | T69: 1 | U69: 8860.42
A70: 8222 | B70: 20 | C70: Female | D70: 128793 | E70: Social Media | F70: Conversion | G70: 7909.46 | H70: 0.07 | I70: 0.06 | J70: 21 | K70: 6.05 | L70: 13.17 | M70: 35 | N70: 4 | O70: 6 | P70: 0 | Q70: 2220 | R70: IsConfid | S70: ToolConfid | T70: 1 | U70: 7909.46
A71: 8223 | B71: 66 | C71: Female | D71: 79538 | E71: Email | F71: Consideration | G71: 2035.03 | H71: 0.09 | I71: 0.08 | J71: 12 | K71: 3.44 | L71: 13.04 | M71: 35 | N71: 7 | O71: 2 | P71: 8 | Q71: 534 | R71: IsConfid | S71: ToolConfid | T71: 1 | U71: 2035.03
A72: 8224 | B72: 54 | C72: Female | D72: 52089 | E72: Social Media | F72: Retention | G72: 9339.04 | H72: 0.26 | I72: 0.02 | J72: 45 | K72: 3.86 | L72: 5.94 | M72: 74 | N72: 16 | O72: 2 | P72: 1 | Q72: 3945 | R72: IsConfid | S72: ToolConfid | T72: 1 | U72: 9339.04
A73: 8227 | B73: 66 | C73: Male | D73: 102318 | E73: PPC | F73: Retention | G73: 8207.87 | H73: 0.23 | I73: 0.03 | J73: 0 | K73: 4.15 | L73: 13.39 | M73: 93 | N73: 19 | O73: 0 | P73: 3 | Q73: 783 | R73: IsConfid | S73: ToolConfid | T73: 1 | U73: 8207.87
... A94: 8313 | B94: 28 | C94: Male | D94: 38065 | E94: Referral | F94: Awareness | G94: 7187.08 | H94: 0.23 | I94: 0.05 | J94: 46 | K94: 2.13 | L94: 7.41 | M94: 10 | N94: 1 | O94: 9 | P94: 6 | Q94: 1269 | R94: IsConfid | S94: ToolConfid | T94: 1 | U94: 7187.08
A95: 8316 | B95: 53 | C95: Male | D95: 107191 | E95: Social Media | F95: Consideration | G95: 678.08 | H95: 0.1 | I95: 0.19 | J95: 18 | K95: 3.02 | L95: 0.78 | M95: 98 | N95: 6 | O95: 2 | P95: 2 | Q95: 507 | R95: IsConfid | S95: ToolConfid | T95: 0
A96: 8317 | B96: 55 | C96: Female | D96: 30006 | E96: SEO | F96: Conversion | G96: 1758.08 | H96: 0.11 | I96: 0.2 | J96: 43 | K96: 9.49 | L96: 12.58 | M96: 38 | N96: 8 | O96: 4 | P96: 6 | Q96: 2907 | R96: IsConfid | S96: ToolConfid | T96: 1 | U96: 1758.08
A97: 8318 | B97: 57 | C97: Female | D97: 91819 | E97: Social Media | F97: Consideration | G97: 4202.63 | H97: 0.06 | I97: 0.16 | J97: 34 | K97: 3.02 | L97: 11.32 | M97: 62 | N97: 6 | O97: 6 | P97: 7 | Q97: 1655 | R97: IsConfid | S97: ToolConfid | T97: 1 | U97: 4202.63
A98: 8322 | B98: 42 | C98: Female | D98: 116319 | E98: PPC | F98: Conversion | G98: 1580.08 | H98: 0.17 | I98: 0.2 | J98: 2 | K98: 8.72 | L98: 2.51 | M98: 50 | N98: 0 | O98: 8 | P98: 6 | Q98: 3625 | R98: IsConfid | S98: ToolConfid | T98: 1 | U98: 1580.08
A99: 8323 | B99: 52 | C99: Male | D99: 70393 | E99: Social Media | F99: Consideration | G99: 5141.01 | H99: 0.11 | I99: 0.07 | J99: 38 | K99: 9.05 | L99: 14.96 | M99: 52 | N99: 19 | O99: 0 | P99: 5 | Q99: 2268 | R99: IsConfid | S99: ToolConfid | T99: 1 | U99: 5141.01
A100: 8325 | B100: 46 | C100: Male | D100: 121341 | E100: Social Media | F100: Conversion | G100: 3980.5 | H100: 0.22 | I100: 0.19 | J100: 16 | K100: 1.7 | L100: 1.35 | M100: 64 | N100: 1 | O100: 0 | P100: 5 | Q100: 1301 | R100: IsConfid | S100: ToolConfid | T100: 1 | U100: 3980.5
A101: 8327 | B101: 63 | C101: Female | D101: 32417 | E101: SEO | F101: Conversion | G101: 7091.06 | H101: 0.15 | I101: 0.12 | J101: 41 | K101: 6.98 | L101: 7.22 | M101: 11 | N101: 9 | O101: 6 | P101: 8 | Q101: 1607 | R101: IsConfid | S101: ToolConfid | T101: 1 | U101: 7091.06
A102: 8330 | B102: 52 | C102: Male | D102: 48896 | E102: SEO | F102: Awareness | G102: 3310.15 | H102: 0.11 | I102: 0.1 | J102: 19 | K102: 8.13 | L102: 5.77 | M102: 71 | N102: 7 | O102: 7 | P102: 1 | Q102: 4625 | R102: IsConfid | S102: ToolConfid | T102: 1 | U102: 3310.15
A103: 8332 | B103: 58 | C103: Male | D103: 122979 | E103: PPC | F103: Retention | G103: 8206.31 | H103: 0.13 | I103: 0.18 | J103: 34 | K103: 6.59 | L103: 6.98 | M103: 94 | N103: 5 | O103: 0 | P103: 8 | Q103: 4552 | R103: IsConfid | S103: ToolConfid | T103: 1 | U103: 8206.31
A104: 8336 | B104: 50 | C104: Female | D104: 81330 | E104: SEO | F104: Retention | G104: 1330.65 | H104: 0.01 | I104: 0.1 | J104: 40 | K104: 4.94 | L104: 8.54 | M104: 84 | N104: 16 | O104: 1 | P104: 0 | Q104: 4558 | R104: IsConfid | S104: ToolConfid | T104: 1 | U104: 1330.65
A105: 8339 | B105: 65 | C105: Female | D105: 120972 | E105: Email | F105: Consideration | G105: 367.05 | H105: 0.23 | I105: 0.19 | J105: 19 | K105: 7.72 | L105: 8.44 | M105: 62 | N105: 1 | O105: 1 | P105: 6 | Q105: 201 | R105: IsConfid | S105: ToolConfid | T105: 1 | U105: 367.05
A106: 8343 | B106: 20 | C106: Male | D106: 133216 | E106: Email | F106: Consideration | G106: 8208.78 | H106: 0.17 | I106: 0.05 | J106: 26 | K106: 4.85 | L106: 12.27 | M106: 42 | N106: 10 | O106: 5 | P106: 9 | Q106: 4101 | R106: IsConfid | S106: ToolConfid | T106: 1 | U106: 8208.78
A107: 8344 | B107: 34 | C107: Female | D107: 135845 | E107: PPC | F107: Conversion | G107: 1796.03 | H107: 0.08 | I107: 0.15 | J107: 5 | K107: 9.62 | L107: 1.87 | M107: 75 | N107: 13 | O107: 2 | P107: 1 | Q107: 1558 | R107: IsConfid | S107: ToolConfid | T107: 0
A108: 8346 | B108: 65 | C108: Female | D108: 85391 | E108: PPC | F108: Awareness | G108: 4907.1 | H108: 0.13 | I108: 0.05 | J108: 35 | K108: 9.9 | L108: 11.91 | M108: 44 | N108: 9 | O108: 0 | P108: 1 | Q108: 3004 | R108: IsConfid | S108: ToolConfid | T108: 1 | U108: 4907.1
A109: 8348 | B109: 68 | C109: Male | D109: 143546 | E109: PPC | F109: Consideration | G109: 7017.53 | H109: 0.09 | I109: 0.08 | J109: 19 | K109: 3.87 | L109: 4.07 | M109: 53 | N109: 10 | O109: 3 | P109: 9 | Q109: 628 | R109: IsConfid | S109: ToolConfid | T109: 1 | U109: 7017.53
A110: 8350 | B110: 39 | C110: Male | D110: 83411 | E110: Social Media | F110: Awareness | G110: 400.7 | H110: 0.08 | I110: 0.2 | J110: 40 | K110: 7.77 | L110: 7.91 | M110: 6 | N110: 15 | O110: 9 | P110: 5 | Q110: 1365 | R110: IsConfid | S110: ToolConfid | T110: 1 | U110: 400.7
A111: 8351 | B111: 63 | C111: Female | D111: 129437 | E111: Social Media | F111: Retention | G111: 6501.22 | H111: 0.05 | I111: 0.14 | J111: 39 | K111: 1.16 | L111: 13.75 | M111: 35 | N111: 7 | O111: 0 | P111: 4 | Q111: 2390 | R111: IsConfid | S111: ToolConfid | T111: 1 | U111: 6501.22
A112: 8355 | B112: 62 | C112: Female | D112: 20888 | E112: PPC | F112: Retention | G112: 5900.4 | H112: 0.05 | I112: 0.15 | J112: 9 | K112: 8.05 | L112: 10.16 | M112: 11 | N112: 16 | O112: 3 | P112: 8 | Q112: 4516 | R112: IsConfid | S112: ToolConfid | T112: 1 | U112: 5900.4
A113: 8359 | B113: 44 | C113: Male | D113: 49424 | E113: PPC | F113: Conversion | G113: 1118.09 | H113: 0.29 | I113: 0.05 | J113: 34 | K113: 4.46 | L113: 4.78 | M113: 55 | N113: 0 | O113: 8 | P113: 2 | Q113: 303 | R113: IsConfid | S113: ToolConfid | T113: 1 | U113: 1118.09
A114: 8363 | B114: 50 | C114: Female | D114: 31075 | E114: Email | F114: Conversion | G114: 4097.03 | H114: 0.1 | I114: 0.13 | J114: 37 | K114: 4.27 | L114: 5.47 | M114: 56 | N114: 15 | O114: 9 | P114: 8 | Q114: 73 | R114: IsConfid | S114: ToolConfid | T114: 1 | U114: 4097.03
A115: 8366 | B115: 50 | C115: Male | D115: 136752 | E115: Email | F115: Awareness | G115: 776.03 | H115: 0.23 | I115: 0.19 | J115: 36 | K115: 6.92 | L115: 4.7 | M115: 69 | N115: 6 | O115: 2 | P115: 6 | Q115: 1939 | R115: IsConfid | S115: ToolConfid | T115: 1 | U115: 776.03
A116: 8371 | B116: 52 | C116: Female | D116: 23569 | E116: Social Media | F116: Conversion | G116: 2028.75 | H116: 0.11 | I116: 0.15 | J116: 2 | K116: 1.68 | L116: 13.74 | M116: 11 | N116: 16 | O116: 8 | P116: 3 | Q116: 1806 | R116: IsConfid | S116: ToolConfid | T116: 1 | U116: 2028.75
A117: 8378 | B117: 63 | C117: Female | D117: 112174 | E117: Referral | F117: Retention | G117: 5510.91 | H117: 0.14 | I117: 0.02 | J117: 15 | K117: 2 | L117: 0.59 | M117: 86 | N117: 5 | O117: 4 | P117: 4 | Q117: 1278 | R117: IsConfid | S117: ToolConfid | T117: 1 | U117: 5510.91
A118: 8381 | B118: 58 | C118: Male | D118: 107151 | E118: Social Media | F118: Consideration | G118: 9081.13 | H118: 0.17 | I118: 0.07 | J118: 13 | K118: 3.42 | L118: 2.24 | M118: 3 | N118: 9 | O118: 6 | P118: 3 | Q118: 3124 | R118: IsConfid | S118: ToolConfid | T118: 1 | U118: 9081.13
A119: 8387 | B119: 48 | C119: Male | D119: 135513 | E119: SEO | F119: Retention | G119: 1538.09 | H119: 0.09 | I119: 0.06 | J119: 48 | K119: 2.54 | L119: 8.42 | M119: 39 | N119: 13 | O119: 4 | P119: 4 | Q119: 2001 | R119: IsConfid | S119: ToolConfid | T119: 1 | U119: 1538.09
... A149: 8468 | B149: 49 | C149: Female | D149: 64870 | E149: PPC | F149: Consideration | G149: 3048.86 | H149: 0.11 | I149: 0.16 | J149: 34 | K149: 2.54 | L149: 14.69 | M149: 64 | N149: 9 | O149: 0 | P149: 6 | Q149: 68 | R149: IsConfid | S149: ToolConfid | T149: 1 | U149: 3048.86
A150: 8469 | B150: 69 | C150: Female | D150: 148217 | E150: PPC | F150: Retention | G150: 838.07 | H150: 0.08 | I150: 0.06 | J150: 11 | K150: 1.54 | L150: 11.59 | M150: 88 | N150: 4 | O150: 2 | P150: 0 | Q150: 3624 | R150: IsConfid | S150: ToolConfid | T150: 0
A151: 8471 | B151: 64 | C151: Male | D151: 129414 | E151: Social Media | F151: Retention | G151: 1019.34 | H151: 0.21 | I151: 0.14 | J151: 33 | K151: 1.35 | L151: 13.03 | M151: 26 | N151: 6 | O151: 5 | P151: 4 | Q151: 3325 | R151: IsConfid | S151: ToolConfid | T151: 1 | U151: 1019.34
A152: 8472 | B152: 52 | C152: Female | D152: 25171 | E152: Social Media | F152: Consideration | G152: 2509.78 | H152: 0.18 | I152: 0.02 | J152: 11 | K152: 6.98 | L152: 13.49 | M152: 24 | N152: 9 | O152: 3 | P152: 6 | Q152: 2603 | R152: IsConfid | S152: ToolConfid | T152: 1 | U152: 2509.78
A153: 8474 | B153: 69 | C153: Male | D153: 38077 | E153: Email | F153: Conversion | G153: 9077.42 | H153: 0.02 | I153: 0.01 | J153: 31 | K153: 1.34 | L153: 1.27 | M153: 67 | N153: 16 | O153: 9 | P153: 7 | Q153: 3563 | R153: IsConfid | S153: ToolConfid | T153: 1 | U153: 9077.42
A154: 8481 | B154: 34 | C154: Female | D154: 29754 | E154: PPC | F154: Retention | G154: 8030.77 | H154: 0.11 | I154: 0.19 | J154: 4 | K154: 1.59 | L154: 4.74 | M154: 75 | N154: 5 | O154: 4 | P154: 8 | Q154: 4935 | R154: IsConfid | S154: ToolConfid | T154: 1 | U154: 8030.77
A155: 8483 | B155: 45 | C155: Female | D155: 27048 | E155: SEO | F155: Awareness | G155: 3605.63 | H155: 0.19 | I155: 0.12 | J155: 5 | K155: 9.73 | L155: 7.91 | M155: 78 | N155: 4 | O155: 3 | P155: 4 | Q155: 3284 | R155: IsConfid | S155: ToolConfid | T155: 1 | U155: 3605.63
A156: 8484 | B156: 43 | C156: Female | D156: 42568 | E156: Social Media | F156: Retention | G156: 7087.85 | H156: 0.02 | I156: 0.12 | J156: 18 | K156: 1.49 | L156: 7.36 | M156: 56 | N156: 15 | O156: 8 | P156: 4 | Q156: 1194 | R156: IsConfid | S156: ToolConfid | T156: 1 | U156: 7087.85
A157: 8486 | B157: 43 | C157: Female | D157: 95019 | E157: PPC | F157: Consideration | G157: 6939.08 | H157: 0.19 | I157: 0.12 | J157: 39 | K157: 7.05 | L157: 8.33 | M157: 68 | N157: 15 | O157: 4 | P157: 8 | Q157: 2270 | R157: IsConfid | S157: ToolConfid | T157: 1 | U157: 6939.08
A158: 8494 | B158: 49 | C158: Male | D158: 53746 | E158: PPC | F158: Consideration | G158: 7760.63 | H158: 0.29 | I158: 0.08 | J158: 42 | K158: 2.31 | L158: 13.19 | M158: 93 | N158: 19 | O158: 7 | P158: 1 | Q158: 814 | R158: IsConfid | S158: ToolConfid | T158: 1 | U158: 7760.63
A159: 8500 | B159: 33 | C159: Female | D159: 115387 | E159: SEO | F159: Conversion | G159: 1294.03 | H159: 0.23 | I159: 0.03 | J159: 28 | K159: 7.54 | L159: 4.62 | M159: 28 | N159: 7 | O159: 7 | P159: 3 | Q159: 3709 | R159: IsConfid | S159: ToolConfid | T159: 1 | U159: 1294.03
A160: 8501 | B160: 56 | C160: Male | D160: 48756 | E160: Social Media | F160: Retention | G160: 1739.01 | H160: 0.06 | I160: 0.08 | J160: 1 | K160: 1.39 | L160: 12.34 | M160: 6 | N160: 12 | O160: 0 | P160: 9 | Q160: 1633 | R160: IsConfid | S160: ToolConfid | T160: 0
A161: 8502 | B161: 22 | C161: Male | D161: 83175 | E161: Email | F161: Conversion | G161: 8220.77 | H161: 0.02 | I161: 0.07 | J161: 29 | K161: 7.86 | L161: 4.34 | M161: 48 | N161: 5 | O161: 4 | P161: 3 | Q161: 2097 | R161: IsConfid | S161: ToolConfid | T161: 1 | U161: 8220.77
A162: 8503 | B162: 39 | C162: Female | D162: 74281 | E162: Referral | F162: Retention | G162: 8052.8 | H162: 0.07 | I162: 0.1 | J162: 38 | K162: 3.53 | L162: 4.24 | M162: 64 | N162: 8 | O162: 2 | P162: 2 | Q162: 2738 | R162: IsConfid | S162: ToolConfid | T162: 1 | U162: 8052.8
A163: 8507 | B163: 43 | C163: Male | D163: 106728 | E163: PPC | F163: Conversion | G163: 3339.05 | H163: 0.23 | I163: 0.02 | J163: 19 | K163: 6.71 | L163: 9.5 | M163: 98 | N163: 11 | O163: 0 | P163: 4 | Q163: 424 | R163: IsConfid | S163: ToolConfid | T163: 1 | U163: 3339.05
A164: 8509 | B164: 68 | C164: Female | D164: 38839 | E164: PPC | F164: Consideration | G164: 4909.58 | H164: 0.25 | I164: 0.1 | J164: 18 | K164: 2.6 | L164: 10.06 | M164: 84 | N164: 18 | O164: 5 | P164: 6 | Q164: 4022 | R164: IsConfid | S164: ToolConfid | T164: 1 | U164: 4909.58
A165: 8510 | B165: 54 | C165: Male | D165: 47410 | E165: Referral | F165: Conversion | G165: 9300.31 | H165: 0.24 | I165: 0.02 | J165: 5 | K165: 2.88 | L165: 14.23 | M165: 12 | N165: 18 | O165: 5 | P165: 4 | Q165: 3790 | R165: IsConfid | S165: ToolConfid | T165: 1 | U165: 9300.31
A166: 8514 | B166: 45 | C166: Female | D166: 137954 | E166: SEO | F166: Awareness | G166: 9901.97 | H166: 0.11 | I166: 0.13 | J166: 32 | K166: 3 | L166: 5.06 | M166: 72 | N166: 14 | O166: 4 | P166: 9 | Q166: 2406 | R166: IsConfid | S166: ToolConfid | T166: 1 | U166: 9901.97
...

Sheet MARKETING DASHBOARD SHEET

Sheet CUSTOMER ANALYTICS DASHBOARD

Sheet  Marketing  pivot sheet
B4: Total ad spend | C4: Average of AdSpend
B5: 1520494.3 | C5: 4781.4286 | F5: Row Labels | G5: Total Ad spend | H5: Total Conversions | I5: Average of ConversionRate | P5: Row Labels | Q5: Sum of WebsiteVisits | R5: Sum of Conversion | U5: CampaignChannel | V5: Sum of Conversion | W5: CPA ($)
F6: Email | G6: 308171.23 | H6: 62 | I6: 0.10720588 | P6: Email | Q6: 1765 | R6: 62 | U6: Email | V6: 62 | W6: 4970.5037
F7: PPC | G7: 326461.13 | H7: 60 | I7: 0.096521739 | P7: PPC | Q7: 1694 | R7: 60 | U7: PPC | V7: 60 | W7: 5441.0188
F8: Referral | G8: 291121.96 | H8: 52 | I8: 0.10226415 | P8: Social Media | Q8: 1669 | R8: 63 | U8: Referral | V8: 52 | W8: 5598.4992
F9: SEO | G9: 300698.83 | H9: 58 | I9: 0.10870968 | P9: SEO | Q9: 1589 | R9: 58 | U9: SEO | V9: 58 | W9: 5184.4626
F10: Social Media | G10: 294041.14 | H10: 63 | I10: 0.11212121 | P10: Referral | Q10: 1309 | R10: 52 | U10: Social Media | V10: 63 | W10: 4667.3197
F11: Grand Total | G11: 1520494.3 | H11: 295 | I11: 0.10537736 | P11: Grand Total | Q11: 8026 | R11: 295
F16: Sum of WebsiteVisits | G16: Sum of EmailOpens | H16: Sum of EmailClicks | I16: Sum of Conversion
B17: Total Conversions | F17: 8026 | G17: 3079 | H17: 1392 | I17: 295
B18: 295
F22: Row Labels | G22: Sum of ORIGINAL CPA
F23: Social Media | G23: 4667.3197
B24: Sum of Blended CPA | F24: Email | G24: 4970.5037
B25: 5154.2179 | F25: SEO | G25: 5184.4626
F26: PPC | G26: 5441.0188
F27: Referral | G27: 5598.4992
F28: Grand Total | G28: 5154.2179
B31: Average of ConversionRate
B32: 0.10537736
B37: Sum of WebsiteVisits
B38: 8026

Sheet copy sheet for marketing analyt
G4: Row Labels | H4: Total Ad spend | I4: =' Marketing pivot sheet'!$H$5 -> Total Conversions | J4: =' Marketing pivot sheet'!$I$5 -> Average of ConversionRate
G5: Email | H5: =' Marketing pivot sheet'!G6 -> 308171.23 | I5: =' Marketing pivot sheet'!H6 -> 62 | J5: =' Marketing pivot sheet'!I6 -> 0.10720588
G6: PPC | H6: =' Marketing pivot sheet'!G7 -> 326461.13 | I6: =' Marketing pivot sheet'!H7 -> 60 | J6: =' Marketing pivot sheet'!I7 -> 0.096521739
G7: Referral | H7: =' Marketing pivot sheet'!G8 -> 291121.96 | I7: =' Marketing pivot sheet'!H8 -> 52 | J7: =' Marketing pivot sheet'!I8 -> 0.10226415
G8: SEO | H8: =' Marketing pivot sheet'!G9 -> 300698.83 | I8: =' Marketing pivot sheet'!H9 -> 58 | J8: =' Marketing pivot sheet'!I9 -> 0.10870968
G9: Social Media | H9: =' Marketing pivot sheet'!G10 -> 294041.14 | I9: =' Marketing pivot sheet'!H10 -> 63 | J9: =' Marketing pivot sheet'!I10 -> 0.11212121
B15: STAGE | C15: TOTAL
B16: Conversions | C16: =' Marketing pivot sheet'!I17 -> 295
B17: Email Clicks | C17: =' Marketing pivot sheet'!H17 -> 1392
B18: Email Opens | C18: =' Marketing pivot sheet'!G17 -> 3079
B19: Website Visits | C19: =' Marketing pivot sheet'!F17 -> 8026

Sheet Customer PIVOT SHEET
B3: Count of CustomerID | F3: Sum of WebsiteVisits | G3: Sum of EmailOpens | H3: Sum of EmailClicks | I3: Sum of Conversion | L3: Row Labels | M3: Average of PagesPerVisit | O3: Row Labels | P3: Count of CustomerID | V3: Age Group | W3: Total Customers | X3: Total Conversions | Y3: Avg Time on Site
B4: 318 | F4: 8026 | G4: 3079 | H4: 1392 | I4: 295 | L4: High | M4: 5.7256637 | O4: 0-3 | P4: 59 | V4: 34-37 | W4: 14 | X4: 13 | Y4: 7.1442857
L5: Low | M5: 5.3235052 | O5: 3-6 | P5: 57 | V5: 30-33 | W5: 18 | X5: 15 | Y5: 6.9883333
L6: Mid | M6: 5.3147222 | O6: 6-9 | P6: 68 | V6: 26-29 | W6: 19 | X6: 17 | Y6: 6.2252632
L7: Grand Total | M7: 5.4634277 | O7: 9-12 | P7: 61 | V7: 58-61 | W7: 21 | X7: 21 | Y7: 6.717619
B8: Sum of Conversion | F8: Row Labels | G8: Count of CustomerID | O8: 12-15 | P8: 73 | V8: 46-49 | W8: 23 | X8: 22 | Y8: 9.1295652
B9: 295 | F9: Female | G9: 187 | O9: Grand Total | P9: 318 | V9: 54-57 | W9: 24 | X9: 23 | Y9: 8.655
F10: Male | G10: 131 | V10: 62-65 | W10: 25 | X10: 25 | Y10: 8.1052
F11: Grand Total | G11: 318 | V11: 18-21 | W11: 27 | X11: 25 | Y11: 8.7496296
B12: Average of PagesPerVisit | V12: 66-69 | W12: 28 | X12: 26 | Y12: 8.62
B13: 5.4634277 | V13: 22-25 | W13: 28 | X13: 24 | Y13: 7.7246429
V14: 50-53 | W14: 28 | X14: 24 | Y14: 8.4325
V15: 38-41 | W15: 31 | X15: 29 | Y15: 7.226129
B16: Average of TimeOnSite | V16: 42-45 | W16: 32 | X16: 31 | Y16: 7.9534375
B17: 7.9056918
B19: Average of LoyaltyPoints
B20: 2441.9371

Sheet COPY SHEET FOR CUSTOMER ANALYTI
B3: Conversion | C3: ='Customer PIVOT SHEET'!I4 -> 295
B4: Email Clicks | C4: ='Customer PIVOT SHEET'!H4 -> 1392
B5: Email Opens | C5: ='Customer PIVOT SHEET'!G4 -> 3079
B6: Website Visits | C6: ='Customer PIVOT SHEET'!F4 -> 8026
